{
  "info": {
    "name": "Condo SaaS — Quick Test",
    "schema": "https://schema.getpostman.com/json/collection/v2.1.0/collection.json"
  },
  "item": [
    {
      "name": "Login (stub)",
      "request": {
        "method": "POST",
        "header": [
          {
            "key": "Content-Type",
            "value": "application/json"
          }
        ],
        "url": {
          "raw": "http://localhost:8080/auth/login",
          "protocol": "http",
          "host": [
            "localhost"
          ],
          "port": "8080",
          "path": [
            "auth",
            "login"
          ]
        },
        "body": {
          "mode": "raw",
          "raw": "{\"email\": \"admin@demo.com\", \"password\": \"123\"}"
        }
      }
    },
    {
      "name": "Create Condo",
      "request": {
        "method": "POST",
        "header": [
          {
            "key": "Content-Type",
            "value": "application/json"
          },
          {
            "key": "Authorization",
            "value": "Bearer {{token}}"
          },
          {
            "key": "X-Tenant-ID",
            "value": "demo"
          }
        ],
        "url": {
          "raw": "http://localhost:8080/api/condominiums",
          "protocol": "http",
          "host": [
            "localhost"
          ],
          "port": "8080",
          "path": [
            "api",
            "condominiums"
          ]
        },
        "body": {
          "mode": "raw",
          "raw": "{\"name\": \"Condom\\u00ednio Alpha\", \"cnpj\": \"00.000.000/0000-00\"}"
        }
      }
    },
    {
      "name": "List Condos (tenant demo)",
      "request": {
        "method": "GET",
        "header": [
          {
            "key": "Authorization",
            "value": "Bearer {{token}}"
          },
          {
            "key": "X-Tenant-ID",
            "value": "demo"
          }
        ],
        "url": {
          "raw": "http://localhost:8080/api/condominiums",
          "protocol": "http",
          "host": [
            "localhost"
          ],
          "port": "8080",
          "path": [
            "api",
            "condominiums"
          ]
        }
      }
    },
    {
      "name": "Charge Invoice (stub)",
      "request": {
        "method": "POST",
        "header": [
          {
            "key": "Authorization",
            "value": "Bearer {{token}}"
          },
          {
            "key": "X-Tenant-ID",
            "value": "demo"
          }
        ],
        "url": {
          "raw": "http://localhost:8080/api/payments/invoices/1/charge",
          "protocol": "http",
          "host": [
            "localhost"
          ],
          "port": "8080",
          "path": [
            "api",
            "payments",
            "invoices",
            "1",
            "charge"
          ]
        }
      }
    }
  ],
  "variable": [
    {
      "key": "token",
      "value": ""
    }
  ]
}